hit_rate,loss_rate,avg_win,avg_loss,expected_trade_return
0.7463768115942029,0.2536231884057971,0.002103682855534036,-0.0017520061536823867,0.001125790715515378
