hit_rate,loss_rate,avg_win,avg_loss,expected_trade_return
0.574468085106383,0.425531914893617,0.0025928104184691084,-0.0027860130890772464,0.00030394935142810664
