hit_rate,loss_rate,avg_win,avg_loss,expected_trade_return
0.5954198473282443,0.40458015267175573,0.0013539032852335233,-0.0013988585829390803,0.0002401904683392639
