{
  "drl_agent": {
    "total_return": 0.0012004849999998988,
    "sharpe_ratio": 8.685817311097276,
    "sortino_ratio": 39.62942176538233,
    "max_drawdown": 0.00011542703486918973,
    "n_trades": 25,
    "win_rate": 0.88,
    "final_balance": 100120.04849999999,
    "total_pnl": 135.9458999999991,
    "mean_daily_return": 1.8458662049362315e-05,
    "std_daily_return": 3.3735705623374883e-05,
    "total_reward": 0.11998130332085502
  },
  "mean_reversion": {
    "total_return": -0.0007641449999999895,
    "sharpe_ratio": -5.194502624541111,
    "sortino_ratio": -8.29454915145167,
    "max_drawdown": 0.0007889963768712304,
    "n_trades": 8,
    "win_rate": 0.0,
    "final_balance": 99923.5855,
    "total_pnl": -108.31450000000059,
    "mean_daily_return": -8.992959643450079e-06,
    "std_daily_return": 2.7482671377929182e-05,
    "daily_pnl": [
      0.0,
      0.0,
      0.0,
      0.0,
      0.0,
      0.0,
      0.0,
      0.0,
      0.0,
      0.0,
      0.0,
      0.0,
      0.0,
      0.0,
      0.0,
      0.0,
      0.0,
      0.0,
      0.0,
      0.0,
      0.0,
      0.0,
      0.0,
      0.0,
      0.0,
      0.0,
      -0.6129,
      3.1000000000000227,
      -4.100000000000023,
      3.7000000000000455,
      -4.600000000000136,
      -6.6189,
      0.0,
      -0.6198,
      3.599999999999909,
      -3.699999999999932,
      -4.399999999999977,
      3.099999999999909,
      -6.6258,
      0.0,
      -0.6272000000000001,
      -4.899999999999977,
      3.1000000000000227,
      -4.5,
      3.599999999999909,
      -7.534099999999977,
      -0.6393,
      3.099999999999909,
      -4.599999999999909,
      3.699999999999932,
      -5.100000000000023,
      -8.447100000000068,
      0.0,
      0.0,
      -0.6355000000000001,
      -4.2999999999999545,
      -4.000000000000114,
      -3.9999999999998863,
      -3.900000000000091,
      -20.515599999999978,
      0.0,
      0.0,
      0.0,
      0.0,
      0.0,
      0.0,
      -0.6290999999999999,
      3.099999999999909,
      -4.099999999999909,
      3.699999999999932,
      -4.600000000000023,
      -6.635100000000113,
      0.0,
      -0.636,
      3.599999999999909,
      -3.699999999999932,
      -5.199999999999932,
      3.099999999999909,
      -7.442799999999955,
      0.0,
      -0.6442000000000001,
      -4.899999999999977,
      3.1000000000000227,
      -4.5,
      3.599999999999909,
      -7.551099999999977
    ],
    "cumulative_pnl": [
      0.0,
      0.0,
      0.0,
      0.0,
      0.0,
      0.0,
      0.0,
      0.0,
      0.0,
      0.0,
      0.0,
      0.0,
      0.0,
      0.0,
      0.0,
      0.0,
      0.0,
      0.0,
      0.0,
      0.0,
      0.0,
      0.0,
      0.0,
      0.0,
      0.0,
      0.0,
      -0.6129,
      2.487100000000023,
      -1.6128999999999998,
      2.0871000000000457,
      -2.5129000000000907,
      -9.13180000000009,
      -9.13180000000009,
      -9.75160000000009,
      -6.151600000000181,
      -9.851600000000113,
      -14.25160000000009,
      -11.151600000000181,
      -17.77740000000018,
      -17.77740000000018,
      -18.40460000000018,
      -23.304600000000157,
      -20.204600000000134,
      -24.704600000000134,
      -21.104600000000225,
      -28.638700000000203,
      -29.2780000000002,
      -26.178000000000292,
      -30.7780000000002,
      -27.07800000000027,
      -32.178000000000296,
      -40.625100000000366,
      -40.625100000000366,
      -40.625100000000366,
      -41.260600000000366,
      -45.56060000000032,
      -49.560600000000434,
      -53.56060000000032,
      -57.46060000000041,
      -77.97620000000039,
      -77.97620000000039,
      -77.97620000000039,
      -77.97620000000039,
      -77.97620000000039,
      -77.97620000000039,
      -77.97620000000039,
      -78.60530000000038,
      -75.50530000000047,
      -79.60530000000038,
      -75.90530000000045,
      -80.50530000000047,
      -87.14040000000058,
      -87.14040000000058,
      -87.77640000000058,
      -84.17640000000067,
      -87.8764000000006,
      -93.07640000000053,
      -89.97640000000062,
      -97.41920000000057,
      -97.41920000000057,
      -98.06340000000057,
      -102.96340000000055,
      -99.86340000000052,
      -104.36340000000052,
      -100.76340000000062,
      -108.31450000000059
    ],
    "positions": [
      0,
      0,
      0,
      0,
      0,
      0,
      0,
      0,
      0,
      0,
      0,
      0,
      0,
      0,
      0,
      0,
      0,
      0,
      0,
      0,
      0,
      0,
      0,
      0,
      0,
      0,
      -1,
      -1,
      -1,
      -1,
      -1,
      0,
      0,
      -1,
      -1,
      -1,
      -1,
      -1,
      0,
      0,
      -1,
      -1,
      -1,
      -1,
      -1,
      0,
      -1,
      -1,
      -1,
      -1,
      -1,
      0,
      0,
      0,
      1,
      1,
      1,
      1,
      1,
      0,
      0,
      0,
      0,
      0,
      0,
      0,
      -1,
      -1,
      -1,
      -1,
      -1,
      0,
      0,
      -1,
      -1,
      -1,
      -1,
      -1,
      0,
      0,
      -1,
      -1,
      -1,
      -1,
      -1,
      0
    ]
  },
  "buy_and_hold": {
    "total_return": 0.051348296463750887,
    "sharpe_ratio": 1.504431388036653,
    "sortino_ratio": 14.363546123250682,
    "max_drawdown": 0.055021283304424524,
    "n_trades": 1,
    "win_rate": 1.0,
    "final_balance": 105134.82964637509
  }
}