Metric,DRL_Agent,Mean_Reversion
Total Return,0.038211479944372684,-0.13872198573701533
Sharpe Ratio,0.25027939043598574,-3.119472751459674
Sortino Ratio,0.3166735813088238,-1.8830699861073783
Max Drawdown,0.08060527983480123,0.1387219857368766
N. Trades,17.0,54.0
Win Rate,0.29411764705882354,0.2777777777777778
Final Balance,1.0382114799443727,0.8612780142629847
