Metric,DRL_Agent,Mean_Reversion
Total Return,0.12306905541834934,0.04744362030375382
Sharpe Ratio,1.190773715985905,1.598977311012552
Sortino Ratio,1.7485227516111623,1.1337283563093008
Max Drawdown,0.013695086398315822,0.004333585435922549
N. Trades,237.0,92.0
Win Rate,0.6160337552742616,0.6521739130434783
Final Balance,1.1230690554183493,1.0474436203037538
