Metric,DRL_Agent,Mean_Reversion,Buy_Hold
Total Return,-0.15523232627924122,-0.2843609548145517,0.0157408460360573
Sharpe Ratio,-1.1043364478359607,-3.8049035599983907,0.1580937472623474
Sortino Ratio,-1.6913405502074847,-4.649666760901457,0.19026422459711145
Max Drawdown,0.2030252241499899,0.2843609548142673,0.04644345545016099
N. Trades,98.0,171.0,1.0
Win Rate,0.4489795918367347,0.34502923976608185,1.0
Final Balance,0.8447676737207588,0.7156390451854483,1.0157408460360573
