Metric,DRL_Agent,Mean_Reversion,Buy_Hold
Total Return,-0.19291656871610863,-0.2843609548145517,0.0157408460360573
Sharpe Ratio,-1.1902699971576658,-3.8049035599983907,0.1580937472623474
Sortino Ratio,-1.5815482624315675,-4.649666760901457,0.19026422459711145
Max Drawdown,0.19980253254953445,0.2843609548142673,0.04644345545016099
N. Trades,107.0,171.0,1.0
Win Rate,0.4672897196261682,0.34502923976608185,1.0
Final Balance,0.8070834312838914,0.7156390451854483,1.0157408460360573
