hit_rate,loss_rate,avg_win,avg_loss,expected_trade_return
0.6160337552742616,0.38396624472573837,0.0015259840805412306,-0.001069830992754447,0.000529278714845422
